-- ============================================================
-- 課指組器材與場地預約平台 - Seed Data (Prompt7 優化版)
-- 借用者A(王小明)/B(李小花) 模擬衝突場景
-- ============================================================

-- Users
INSERT OR IGNORE INTO User (USR_ID, USR_EMAIL, USR_NAME, USR_PHONE, USR_ROLE, USR_IS_ADMIN, USR_SUSPENDED, USR_EXPIRE_DATE, USR_PASSWORD_HASH)
VALUES (1, 'admin01@mail.fju.edu.tw', '課指組管理員', '0911000000', 'admin', 1, 0, NULL, 'pbkdf2_demo123');

INSERT OR IGNORE INTO User (USR_ID, USR_EMAIL, USR_NAME, USR_PHONE, USR_ROLE, USR_IS_ADMIN, USR_SUSPENDED, USR_EXPIRE_DATE, USR_PASSWORD_HASH)
VALUES (2, 's1100001@mail.fju.edu.tw', '王小明', '0922111222', 'officer', 0, 0, '2027-07-31', 'pbkdf2_demo123');

INSERT OR IGNORE INTO User (USR_ID, USR_EMAIL, USR_NAME, USR_PHONE, USR_ROLE, USR_IS_ADMIN, USR_SUSPENDED, USR_EXPIRE_DATE, USR_PASSWORD_HASH)
VALUES (3, 's1100002@mail.fju.edu.tw', '李小花', '0933222333', 'officer', 0, 0, '2027-07-31', 'pbkdf2_demo123');

INSERT OR IGNORE INTO User (USR_ID, USR_EMAIL, USR_NAME, USR_PHONE, USR_ROLE, USR_IS_ADMIN, USR_SUSPENDED, USR_EXPIRE_DATE, USR_PASSWORD_HASH)
VALUES (4, 's1100003@mail.fju.edu.tw', '陳大雄', NULL, 'student', 0, 0, '2027-07-31', 'pbkdf2_demo123');

INSERT OR IGNORE INTO User (USR_ID, USR_EMAIL, USR_NAME, USR_PHONE, USR_ROLE, USR_IS_ADMIN, USR_SUSPENDED, USR_EXPIRE_DATE, USR_PASSWORD_HASH)
VALUES (5, 'prof01@mail.fju.edu.tw', '張教授', '0944333444', 'professor', 0, 0, NULL, 'pbkdf2_demo123');

INSERT OR IGNORE INTO User (USR_ID, USR_EMAIL, USR_NAME, USR_PHONE, USR_ROLE, USR_IS_ADMIN, USR_SUSPENDED, USR_EXPIRE_DATE, USR_PASSWORD_HASH)
VALUES (6, 'staff01@mail.fju.edu.tw', '林職員', '0955444555', 'staff', 0, 0, NULL, 'pbkdf2_demo123');

INSERT OR IGNORE INTO User (USR_ID, USR_EMAIL, USR_NAME, USR_PHONE, USR_ROLE, USR_IS_ADMIN, USR_SUSPENDED, USR_EXPIRE_DATE, USR_PASSWORD_HASH)
VALUES (7, 's1100004@mail.fju.edu.tw', '趙小美', '0966555666', 'officer', 0, 0, '2027-07-31', 'pbkdf2_demo123');

-- Units
INSERT OR IGNORE INTO Unit (UNIT_ID, UNIT_NAME, UNIT_TYPE, UNIT_CONTACT_USR, UNIT_ACTIVE)
VALUES (1, '輔大資訊管理學系學生會', 1, 2, 1);
INSERT OR IGNORE INTO Unit (UNIT_ID, UNIT_NAME, UNIT_TYPE, UNIT_CONTACT_USR, UNIT_ACTIVE)
VALUES (2, '輔大電影欣賞社', 0, 3, 1);
INSERT OR IGNORE INTO Unit (UNIT_ID, UNIT_NAME, UNIT_TYPE, UNIT_CONTACT_USR, UNIT_ACTIVE)
VALUES (3, '輔大資工系辦公室', 2, 1, 1);
INSERT OR IGNORE INTO Unit (UNIT_ID, UNIT_NAME, UNIT_TYPE, UNIT_CONTACT_USR, UNIT_ACTIVE)
VALUES (4, '輔大烘焙社', 0, 7, 1);

-- UnitMember
INSERT OR IGNORE INTO UnitMember (UM_UNIT_ID, UM_USR_ID) VALUES (1, 2);
INSERT OR IGNORE INTO UnitMember (UM_UNIT_ID, UM_USR_ID) VALUES (1, 4);
INSERT OR IGNORE INTO UnitMember (UM_UNIT_ID, UM_USR_ID) VALUES (2, 3);
INSERT OR IGNORE INTO UnitMember (UM_UNIT_ID, UM_USR_ID) VALUES (2, 4);
INSERT OR IGNORE INTO UnitMember (UM_UNIT_ID, UM_USR_ID) VALUES (3, 1);
INSERT OR IGNORE INTO UnitMember (UM_UNIT_ID, UM_USR_ID) VALUES (3, 6);
INSERT OR IGNORE INTO UnitMember (UM_UNIT_ID, UM_USR_ID) VALUES (4, 7);

-- UnitViolationPoint
INSERT OR IGNORE INTO UnitViolationPoint (UVP_UNIT_ID, UVP_POINT, UVP_SUSPENDED) VALUES (1, 2, 0);
INSERT OR IGNORE INTO UnitViolationPoint (UVP_UNIT_ID, UVP_POINT, UVP_SUSPENDED) VALUES (2, 0, 0);
INSERT OR IGNORE INTO UnitViolationPoint (UVP_UNIT_ID, UVP_POINT, UVP_SUSPENDED) VALUES (3, 0, 0);
INSERT OR IGNORE INTO UnitViolationPoint (UVP_UNIT_ID, UVP_POINT, UVP_SUSPENDED) VALUES (4, 0, 0);

-- EquipmentCertType
INSERT OR IGNORE INTO EquipmentCertType (ECT_ID, ECT_NAME, ECT_DESC) VALUES (1, '音響設備操作證', '通過音響設備操作訓練');
INSERT OR IGNORE INTO EquipmentCertType (ECT_ID, ECT_NAME, ECT_DESC) VALUES (2, '投影機操作證', '通過投影機操作訓練');

-- EquipmentCert
INSERT OR IGNORE INTO EquipmentCert (EC_USR_ID, EC_TYPE_ID, EC_STATUS, EC_ADMIN_ID) VALUES (2, 1, 0, 1);
INSERT OR IGNORE INTO EquipmentCert (EC_USR_ID, EC_TYPE_ID, EC_STATUS, EC_ADMIN_ID) VALUES (3, 2, 0, 1);

-- Facility
INSERT OR IGNORE INTO Facility (FAC_ID, FAC_NAME, FAC_TYPE, FAC_BUILDING, FAC_FLOOR, FAC_CAPACITY, FAC_GIS_LAT, FAC_GIS_LNG, FAC_STATUS, FAC_DESC)
VALUES (1, 'B205多功能教室', 1, '文華樓', 2, 60, 25.0336637, 121.4308275, 0, '配備投影機、麥克風、冷氣');
INSERT OR IGNORE INTO Facility (FAC_ID, FAC_NAME, FAC_TYPE, FAC_BUILDING, FAC_FLOOR, FAC_CAPACITY, FAC_GIS_LAT, FAC_GIS_LNG, FAC_STATUS, FAC_DESC)
VALUES (2, '進修部地下演講廳', 0, '利瑪竇大樓', -1, 300, 25.0337000, 121.4309000, 0, '大型演講活動場地，場協大會場地');
INSERT OR IGNORE INTO Facility (FAC_ID, FAC_NAME, FAC_TYPE, FAC_BUILDING, FAC_FLOOR, FAC_CAPACITY, FAC_GIS_LAT, FAC_GIS_LNG, FAC_STATUS, FAC_DESC)
VALUES (3, '體育館第一活動室', 2, '體育館', 1, 50, 25.0335000, 121.4307000, 0, '適合小型活動使用');
INSERT OR IGNORE INTO Facility (FAC_ID, FAC_NAME, FAC_TYPE, FAC_BUILDING, FAC_FLOOR, FAC_CAPACITY, FAC_GIS_LAT, FAC_GIS_LNG, FAC_STATUS, FAC_DESC)
VALUES (4, 'SF134教室', 1, '聖言樓', 1, 80, 25.0338000, 121.4310000, 0, '標準階梯教室');
INSERT OR IGNORE INTO Facility (FAC_ID, FAC_NAME, FAC_TYPE, FAC_BUILDING, FAC_FLOOR, FAC_CAPACITY, FAC_GIS_LAT, FAC_GIS_LNG, FAC_STATUS, FAC_DESC)
VALUES (5, '中美堂', 0, '中美堂', 1, 500, 25.0340000, 121.4312000, 1, '大型集會場地（目前維修中）');
INSERT OR IGNORE INTO Facility (FAC_ID, FAC_NAME, FAC_TYPE, FAC_BUILDING, FAC_FLOOR, FAC_CAPACITY, FAC_GIS_LAT, FAC_GIS_LNG, FAC_STATUS, FAC_DESC)
VALUES (6, '文開樓地下室活動空間', 0, '文開樓', -1, 120, 25.0339000, 121.4311000, 0, '社團活動常用場地');

-- Equipment
INSERT OR IGNORE INTO Equipment (EQ_ID, EQ_NAME, EQ_TOTAL, EQ_AVAILABLE, EQ_MAX_PER_LOAN, EQ_CERT_TYPE_ID, EQ_DESC)
VALUES (1, '無線麥克風組', 5, 5, 2, 1, '含接收器與兩支無線麥克風');
INSERT OR IGNORE INTO Equipment (EQ_ID, EQ_NAME, EQ_TOTAL, EQ_AVAILABLE, EQ_MAX_PER_LOAN, EQ_CERT_TYPE_ID, EQ_DESC)
VALUES (2, '可攜式投影機', 3, 3, 1, 2, 'Full HD 可攜投影機');
INSERT OR IGNORE INTO Equipment (EQ_ID, EQ_NAME, EQ_TOTAL, EQ_AVAILABLE, EQ_MAX_PER_LOAN, EQ_CERT_TYPE_ID, EQ_DESC)
VALUES (3, '5米延長線', 20, 20, 5, NULL, '標準 5 米延長線');
INSERT OR IGNORE INTO Equipment (EQ_ID, EQ_NAME, EQ_TOTAL, EQ_AVAILABLE, EQ_MAX_PER_LOAN, EQ_CERT_TYPE_ID, EQ_DESC)
VALUES (4, '移動式白板', 4, 4, 2, NULL, '120x90cm 雙面白板');
INSERT OR IGNORE INTO Equipment (EQ_ID, EQ_NAME, EQ_TOTAL, EQ_AVAILABLE, EQ_MAX_PER_LOAN, EQ_CERT_TYPE_ID, EQ_DESC)
VALUES (5, '桌上型音響', 3, 3, 1, 1, '藍牙桌上型音響');
INSERT OR IGNORE INTO Equipment (EQ_ID, EQ_NAME, EQ_TOTAL, EQ_AVAILABLE, EQ_MAX_PER_LOAN, EQ_CERT_TYPE_ID, EQ_DESC)
VALUES (6, '攝影機', 2, 2, 1, NULL, 'Sony FX30 攝影機');

-- ActivityApplication
INSERT OR IGNORE INTO ActivityApplication (AA_ID, AA_SERIAL_NO, AA_USR_ID, AA_UNIT_ID, AA_ACTIVITY_NAME, AA_START_DATETIME, AA_END_DATETIME, AA_HEADCOUNT, AA_DESCRIPTION, AA_CONTACT_NAME, AA_CONTACT_PHONE, AA_THEMES, AA_STATUS)
VALUES (1, 'AA2026050001', 2, 1, '資管系迎新茶會', '2026-05-15 14:00', '2026-05-15 17:00', 50, '新學期資管系迎新活動，歡迎新生參加', '王小明', '0922111222', '社交,聯誼', 1);
INSERT OR IGNORE INTO ActivityApplication (AA_ID, AA_SERIAL_NO, AA_USR_ID, AA_UNIT_ID, AA_ACTIVITY_NAME, AA_START_DATETIME, AA_END_DATETIME, AA_HEADCOUNT, AA_DESCRIPTION, AA_CONTACT_NAME, AA_CONTACT_PHONE, AA_THEMES, AA_STATUS)
VALUES (2, 'AA2026050002', 3, 2, '電影欣賞社放映會', '2026-05-15 18:00', '2026-05-15 21:00', 80, '本學期第一次放映會', '李小花', '0933222333', '藝文,休閒', 0);
INSERT OR IGNORE INTO ActivityApplication (AA_ID, AA_SERIAL_NO, AA_USR_ID, AA_UNIT_ID, AA_ACTIVITY_NAME, AA_START_DATETIME, AA_END_DATETIME, AA_HEADCOUNT, AA_DESCRIPTION, AA_CONTACT_NAME, AA_CONTACT_PHONE, AA_THEMES, AA_STATUS)
VALUES (3, 'AA2026050003', 7, 4, '烘焙社成果展', '2026-05-20 10:00', '2026-05-20 16:00', 40, '烘焙社學期成果展覽', '趙小美', '0966555666', '成果展', 1);

-- VenueBooking
INSERT OR IGNORE INTO VenueBooking (VB_ID, VB_AA_ID, VB_FAC_ID, VB_UNIT_ID, VB_USR_ID, VB_START_DATETIME, VB_END_DATETIME, VB_PURPOSE, VB_HEADCOUNT, VB_BOOKING_TYPE, VB_STATUS)
VALUES (1, 1, 1, 1, 2, '2026-05-15 14:00', '2026-05-15 17:00', '資管系迎新茶會場地', 50, 0, 1);
INSERT OR IGNORE INTO VenueBooking (VB_ID, VB_AA_ID, VB_FAC_ID, VB_UNIT_ID, VB_USR_ID, VB_START_DATETIME, VB_END_DATETIME, VB_PURPOSE, VB_HEADCOUNT, VB_BOOKING_TYPE, VB_STATUS)
VALUES (2, 1, 4, 1, 2, '2026-05-18 09:00', '2026-05-18 12:00', '資管系小組討論', 30, 0, 0);

-- ConflictNegotiation
INSERT OR IGNORE INTO ConflictNegotiation (CN_ID, CN_VB_ID_A, CN_VB_ID_B, CN_STATUS, CN_OPENED_AT)
VALUES (1, 1, 2, 0, datetime('now'));

-- Announcements
INSERT OR IGNORE INTO Announcement (ANN_ID, ANN_TITLE, ANN_CONTENT, ANN_START_DATE, ANN_END_DATE, ANN_ADMIN_ID)
VALUES (1, '114學年度第2學期場協大會公告', '場協大會將於 2026/05/20 於進修部地下演講廳舉行，請各社團代表務必出席。遲到者視同放棄該場地使用權。', '2026-05-01', '2026-05-20', 1);
INSERT OR IGNORE INTO Announcement (ANN_ID, ANN_TITLE, ANN_CONTENT, ANN_START_DATE, ANN_END_DATE, ANN_ADMIN_ID)
VALUES (2, '器材借用新規定', '自即日起，借用音響及投影設備需先取得對應操作證。請至課指組辦理考核。', '2026-04-15', '2026-12-31', 1);
INSERT OR IGNORE INTO Announcement (ANN_ID, ANN_TITLE, ANN_CONTENT, ANN_START_DATE, ANN_END_DATE, ANN_ADMIN_ID)
VALUES (3, '場地使用注意事項', '使用場地後請確實歸還鑰匙並恢復原狀，逾時或損壞將依規定記點。', '2026-05-01', '2026-12-31', 1);

-- RepairRequest
INSERT OR IGNORE INTO RepairRequest (RR_ID, RR_FAC_ID, RR_USR_ID, RR_DESCRIPTION, RR_STATUS)
VALUES (1, 5, 2, '中美堂冷氣出風口有異音，疑似壓縮機故障', 1);
INSERT OR IGNORE INTO RepairRequest (RR_ID, RR_FAC_ID, RR_USR_ID, RR_DESCRIPTION, RR_STATUS)
VALUES (2, 1, 4, 'B205教室投影機畫面偶爾閃爍', 0);

-- ViolationPointLog
INSERT OR IGNORE INTO ViolationPointLog (VPL_ID, VPL_TARGET_TYPE, VPL_USR_ID, VPL_UNIT_ID, VPL_DELTA, VPL_REASON, VPL_SOURCE, VPL_ADMIN_ID)
VALUES (1, 1, NULL, 1, 2, '上學期場地逾時使用', 0, 1);

-- StatsSummary
INSERT OR IGNORE INTO StatsSummary (SS_FAC_ID, SS_PERIOD, SS_BOOKING_COUNT, SS_TOTAL_HOURS, SS_UTILIZATION_RATE)
VALUES (1, '2026-05', 12, 36.5, 45.6);
INSERT OR IGNORE INTO StatsSummary (SS_FAC_ID, SS_PERIOD, SS_BOOKING_COUNT, SS_TOTAL_HOURS, SS_UTILIZATION_RATE)
VALUES (2, '2026-05', 8, 24.0, 30.0);
INSERT OR IGNORE INTO StatsSummary (SS_FAC_ID, SS_PERIOD, SS_BOOKING_COUNT, SS_TOTAL_HOURS, SS_UTILIZATION_RATE)
VALUES (3, '2026-05', 15, 45.0, 56.3);
INSERT OR IGNORE INTO StatsSummary (SS_FAC_ID, SS_PERIOD, SS_BOOKING_COUNT, SS_TOTAL_HOURS, SS_UTILIZATION_RATE)
VALUES (4, '2026-05', 6, 18.0, 22.5);
INSERT OR IGNORE INTO StatsSummary (SS_FAC_ID, SS_PERIOD, SS_BOOKING_COUNT, SS_TOTAL_HOURS, SS_UTILIZATION_RATE)
VALUES (6, '2026-05', 20, 60.0, 75.0);

-- VenueCoordination (場協大會登記)
INSERT OR IGNORE INTO VenueCoordination (VC_ID, VC_USR_ID, VC_UNIT_ID, VC_FAC_ID, VC_DAY_OF_WEEK, VC_TIME_START, VC_TIME_END, VC_PURPOSE, VC_SEMESTER, VC_STATUS)
VALUES (1, 2, 1, 1, 3, '14:00', '17:00', '資管系每週三社課', '114-2', 0);
INSERT OR IGNORE INTO VenueCoordination (VC_ID, VC_USR_ID, VC_UNIT_ID, VC_FAC_ID, VC_DAY_OF_WEEK, VC_TIME_START, VC_TIME_END, VC_PURPOSE, VC_SEMESTER, VC_STATUS)
VALUES (2, 3, 2, 2, 5, '18:00', '21:00', '電影社每週五放映會', '114-2', 0);

-- EquipmentLoan (示範借用紀錄)
INSERT OR IGNORE INTO EquipmentLoan (EL_ID, EL_AA_ID, EL_UNIT_ID, EL_USR_ID, EL_BORROW_START, EL_RETURN_DUE, EL_USE_LOCATION, EL_PURPOSE, EL_LOAN_TYPE, EL_STATUS)
VALUES (1, 1, 1, 2, '2026-05-15 09:30', '2026-05-15 17:00', 'B205多功能教室', '迎新茶會使用', 0, 1);

INSERT OR IGNORE INTO EquipmentLoanDetail (ELD_EL_ID, ELD_EQ_ID, ELD_QUANTITY, ELD_STATUS)
VALUES (1, 1, 2, 1);
INSERT OR IGNORE INTO EquipmentLoanDetail (ELD_EL_ID, ELD_EQ_ID, ELD_QUANTITY, ELD_STATUS)
VALUES (1, 3, 3, 1);
